<application>
  <component name="FileTypeManager" version="18">
    <extensionMap>
      <mapping pattern="Forms2" type="AUTO_DETECTED" />
      <mapping pattern="tuples-test" type="AUTO_DETECTED" />
      <mapping pattern="Table2" type="AUTO_DETECTED" />
      <mapping pattern="DynamicButton" type="AUTO_DETECTED" />
      <mapping pattern="CheckBoxes.tsx" type="AUTO_DETECTED" />
      <mapping ext="space.kts" type="Kotlin" />
      <mapping ext="gradle.kts" type="Kotlin" />
      <mapping ext="main.kts" type="Kotlin" />
      <mapping ext="vsdx" type="PLAIN_TEXT" />
      <mapping ext="service" type="PLAIN_TEXT" />
      <mapping ext="license" type="PLAIN_TEXT" />
      <mapping ext="exe" type="PLAIN_TEXT" />
      <mapping ext="sig" type="VTL" />
      <removed_mapping ext="apk" approved="true" type="ARCHIVE" />
      <removed_mapping ext="klib" approved="true" type="ARCHIVE" />
      <removed_mapping ext="psd" approved="true" type="Image" />
    </extensionMap>
  </component>
</application>