<application>
  <component name="FileTypeManager" version="17">
    <extensionMap>
      <mapping ext="gradle.kts" type="Kotlin" />
      <mapping ext="main.kts" type="Kotlin" />
      <mapping pattern="AboutComponent.tsx" type="PLAIN_TEXT" />
      <mapping pattern=".gitkeep" type="PLAIN_TEXT" />
      <mapping pattern="_redirects" type="PLAIN_TEXT" />
      <mapping ext="indb" type="PLAIN_TEXT" />
      <mapping ext="service" type="PLAIN_TEXT" />
      <mapping pattern="InputField.tsx" type="TypeScript" />
      <mapping pattern="variables" type="TypeScript" />
      <mapping pattern="BasicAlert" type="TypeScript JSX" />
      <mapping pattern="ProjectsTableOwnProjects" type="TypeScript JSX" />
    </extensionMap>
  </component>
</application>