<application>
  <component name="FileTypeManager" version="18">
    <extensionMap>
      <mapping ext="gradle.kts" type="Kotlin" />
      <mapping ext="main.kts" type="Kotlin" />
      <mapping pattern="AboutComponent.tsx" type="PLAIN_TEXT" />
      <mapping pattern="_redirects" type="PLAIN_TEXT" />
      <mapping pattern=".gitkeep" type="PLAIN_TEXT" />
      <mapping pattern="actions.ts" type="PLAIN_TEXT" />
      <mapping ext="indb" type="PLAIN_TEXT" />
      <mapping ext="tsxt" type="PLAIN_TEXT" />
      <mapping ext="service" type="PLAIN_TEXT" />
      <mapping pattern="InputField.tsx" type="TypeScript" />
      <mapping pattern="variables" type="TypeScript" />
      <mapping pattern="BasicAlert" type="TypeScript JSX" />
      <mapping pattern="ProjectsTableOwnProjects" type="TypeScript JSX" />
      <removed_mapping ext="apk" approved="true" type="ARCHIVE" />
      <removed_mapping ext="psd" approved="true" type="Image" />
    </extensionMap>
  </component>
</application>