<application>
  <component name="LanguageInjectionConfiguration">
    <injection language="SQL" injector-id="java">
      <display-name>Connection (java.sql)</display-name>
      <place><![CDATA[psiParameter().ofMethod(0, psiMethod().withName("nativeSQL").withParameters("java.lang.String").definedInClass("java.sql.Connection"))]]></place>
      <place><![CDATA[psiParameter().ofMethod(0, psiMethod().withName("prepareCall").withParameters("java.lang.String").definedInClass("java.sql.Connection"))]]></place>
      <place><![CDATA[psiParameter().ofMethod(0, psiMethod().withName("prepareCall").withParameters("java.lang.String", "int", "int").definedInClass("java.sql.Connection"))]]></place>
      <place><![CDATA[psiParameter().ofMethod(0, psiMethod().withName("prepareCall").withParameters("java.lang.String", "int", "int", "int").definedInClass("java.sql.Connection"))]]></place>
      <place disabled="true"><![CDATA[psiParameter().ofMethod(0, psiMethod().withName("prepareStatement").withParameters("java.lang.String").definedInClass("java.sql.Connection"))]]></place>
      <place><![CDATA[psiParameter().ofMethod(0, psiMethod().withName("prepareStatement").withParameters("java.lang.String", "int").definedInClass("java.sql.Connection"))]]></place>
      <place><![CDATA[psiParameter().ofMethod(0, psiMethod().withName("prepareStatement").withParameters("java.lang.String", "int", "int").definedInClass("java.sql.Connection"))]]></place>
      <place><![CDATA[psiParameter().ofMethod(0, psiMethod().withName("prepareStatement").withParameters("java.lang.String", "int", "int", "int").definedInClass("java.sql.Connection"))]]></place>
      <place><![CDATA[psiParameter().ofMethod(0, psiMethod().withName("prepareStatement").withParameters("java.lang.String", "int[]").definedInClass("java.sql.Connection"))]]></place>
      <place><![CDATA[psiParameter().ofMethod(0, psiMethod().withName("prepareStatement").withParameters("java.lang.String", "java.lang.String[]").definedInClass("java.sql.Connection"))]]></place>
    </injection>
    <injection language="MySQL" injector-id="java">
      <display-name>Connection.prepareStatement (java.sql)</display-name>
      <place><![CDATA[psiParameter().ofMethod(0, psiMethod().withName("prepareStatement").withParameters("java.lang.String").definedInClass("java.sql.Connection"))]]></place>
    </injection>
    <injection language="SQL" injector-id="java">
      <display-name>JdbcTemplate (org.springframework.jdbc.core)</display-name>
      <place><![CDATA[psiParameter().ofMethod(0, psiMethod().withName("batchUpdate").definedInClass("org.springframework.jdbc.core.JdbcOperations"))]]></place>
      <place><![CDATA[psiParameter().ofMethod(0, psiMethod().withName("execute").definedInClass("org.springframework.jdbc.core.JdbcOperations"))]]></place>
      <place><![CDATA[psiParameter().ofMethod(0, psiMethod().withName("query").definedInClass("org.springframework.jdbc.core.JdbcOperations"))]]></place>
      <place><![CDATA[psiParameter().ofMethod(0, psiMethod().withName("queryForInt").definedInClass("org.springframework.jdbc.core.JdbcOperations"))]]></place>
      <place><![CDATA[psiParameter().ofMethod(0, psiMethod().withName("queryForList").definedInClass("org.springframework.jdbc.core.JdbcOperations"))]]></place>
      <place><![CDATA[psiParameter().ofMethod(0, psiMethod().withName("queryForLong").definedInClass("org.springframework.jdbc.core.JdbcOperations"))]]></place>
      <place><![CDATA[psiParameter().ofMethod(0, psiMethod().withName("queryForMap").definedInClass("org.springframework.jdbc.core.JdbcOperations"))]]></place>
      <place><![CDATA[psiParameter().ofMethod(0, psiMethod().withName("queryForObject").definedInClass("org.springframework.jdbc.core.JdbcOperations"))]]></place>
      <place><![CDATA[psiParameter().ofMethod(0, psiMethod().withName("queryForRowSet").definedInClass("org.springframework.jdbc.core.JdbcOperations"))]]></place>
      <place><![CDATA[psiParameter().ofMethod(0, psiMethod().withName("update").definedInClass("org.springframework.jdbc.core.JdbcOperations"))]]></place>
    </injection>
  </component>
</application>