<keymap version="1" name="Default copy" parent="$default">
  <action id="Android.CreateSampleDataDirectory">
    <keyboard-shortcut first-keystroke="alt z" />
  </action>
  <action id="Debug">
    <keyboard-shortcut first-keystroke="shift alt s" />
  </action>
  <action id="EditorDecreaseFontSize">
    <keyboard-shortcut first-keystroke="subtract" />
  </action>
  <action id="EditorIncreaseFontSize">
    <keyboard-shortcut first-keystroke="add" />
  </action>
  <action id="EditorLineEnd">
    <keyboard-shortcut first-keystroke="alt e" />
  </action>
  <action id="EditorLineStart">
    <keyboard-shortcut first-keystroke="alt w" />
  </action>
  <action id="EvaluateExpression">
    <keyboard-shortcut first-keystroke="alt 2" />
  </action>
  <action id="Generate">
    <keyboard-shortcut first-keystroke="alt r" />
  </action>
  <action id="GotoClass">
    <keyboard-shortcut first-keystroke="ctrl n" />
    <keyboard-shortcut first-keystroke="shift ctrl s" />
  </action>
  <action id="GotoFile">
    <keyboard-shortcut first-keystroke="shift ctrl d" />
  </action>
  <action id="NewClass">
    <keyboard-shortcut first-keystroke="alt c" />
  </action>
  <action id="NewFile">
    <keyboard-shortcut first-keystroke="alt x" />
  </action>
  <action id="OptimizeImports">
    <keyboard-shortcut first-keystroke="alt z" />
  </action>
  <action id="QuickImplementations" />
  <action id="QuickJavaDoc">
    <keyboard-shortcut first-keystroke="alt q" />
  </action>
  <action id="RefactoringMenuRenameFile">
    <keyboard-shortcut first-keystroke="alt d" />
  </action>
  <action id="ReformatCode">
    <keyboard-shortcut first-keystroke="alt f" />
  </action>
  <action id="RemoteServers.ChooseServerDeploymentWithDebug">
    <keyboard-shortcut first-keystroke="shift alt s" />
  </action>
  <action id="RenameElement">
    <keyboard-shortcut first-keystroke="shift f6" />
    <keyboard-shortcut first-keystroke="alt d" />
  </action>
  <action id="RevealIn">
    <keyboard-shortcut first-keystroke="alt 1" />
  </action>
  <action id="Run">
    <keyboard-shortcut first-keystroke="shift alt a" />
  </action>
  <action id="SplitVertically">
    <keyboard-shortcut first-keystroke="alt s" />
  </action>
  <action id="ToggleFullScreen">
    <keyboard-shortcut first-keystroke="alt 3" />
  </action>
  <action id="ToggleZenMode">
    <keyboard-shortcut first-keystroke="alt a" />
  </action>
</keymap>