<keymap version="1" name="DEFAULT_KEYMAP" parent="$default">
  <action id="$LRU">
    <keyboard-shortcut first-keystroke="shift ctrl p" />
  </action>
  <action id="ActivateFavoritesToolWindow" />
  <action id="ActivateProjectToolWindow" />
  <action id="Console.TableResult.CompareCells" />
  <action id="ContextHelp" />
  <action id="CopyElement" />
  <action id="Debug">
    <keyboard-shortcut first-keystroke="f2" />
  </action>
  <action id="Diff.ShowSettingsPopup" />
  <action id="Editor LRU">
    <keyboard-shortcut first-keystroke="shift ctrl p" />
  </action>
  <action id="EditorLineEnd">
    <keyboard-shortcut first-keystroke="alt e" />
  </action>
  <action id="EditorLineStart">
    <keyboard-shortcut first-keystroke="alt w" />
  </action>
  <action id="EvaluateExpression">
    <keyboard-shortcut first-keystroke="alt 2" />
  </action>
  <action id="ExpressionTypeInfo" />
  <action id="FindNext">
    <keyboard-shortcut first-keystroke="ctrl l" />
  </action>
  <action id="Generate">
    <keyboard-shortcut first-keystroke="alt r" />
  </action>
  <action id="GotoClass">
    <keyboard-shortcut first-keystroke="shift ctrl d" />
  </action>
  <action id="GotoNextError" />
  <action id="Graph.RouteEdges" />
  <action id="HideAllWindows">
    <keyboard-shortcut first-keystroke="alt a" />
  </action>
  <action id="OptimizeImports">
    <keyboard-shortcut first-keystroke="alt z" />
  </action>
  <action id="QuickJavaDoc">
    <keyboard-shortcut first-keystroke="alt q" />
  </action>
  <action id="RecentFiles">
    <keyboard-shortcut first-keystroke="shift ctrl s" />
  </action>
  <action id="ReformatCode">
    <keyboard-shortcut first-keystroke="alt f" />
  </action>
  <action id="Refresh">
    <keyboard-shortcut first-keystroke="f5" />
  </action>
  <action id="RenameElement">
    <keyboard-shortcut first-keystroke="alt d" />
  </action>
  <action id="RevealIn">
    <keyboard-shortcut first-keystroke="alt 1" />
  </action>
  <action id="Run">
    <keyboard-shortcut first-keystroke="f1" />
  </action>
  <action id="SelectInProjectView">
    <keyboard-shortcut first-keystroke="alt x" />
  </action>
  <action id="SplitVertically">
    <keyboard-shortcut first-keystroke="alt s" />
  </action>
  <action id="Stop">
    <keyboard-shortcut first-keystroke="f3" />
  </action>
  <action id="Uml.ShowDiff" />
  <action id="org.intellij.plugins.markdown.ui.actions.styling.ToggleStrikethroughAction" />
</keymap>