<keymap version="1" name="Default copy" parent="$default">
  <action id="Arrangement.Rule.Edit" />
  <action id="ChangesView.Rename">
    <keyboard-shortcut first-keystroke="shift f6" />
  </action>
  <action id="ChooseRunConfiguration">
    <keyboard-shortcut first-keystroke="shift alt f10" />
    <keyboard-shortcut first-keystroke="f1" />
  </action>
  <action id="Console.TableResult.EditValue">
    <keyboard-shortcut first-keystroke="enter" />
    <keyboard-shortcut first-keystroke="alt enter" />
  </action>
  <action id="ContextHelp" />
  <action id="Debug">
    <keyboard-shortcut first-keystroke="shift alt s" />
    <keyboard-shortcut first-keystroke="f2" />
  </action>
  <action id="Debugger.EditArrayFilter" />
  <action id="Debugger.EditCustomField" />
  <action id="EditorDecreaseFontSize">
    <keyboard-shortcut first-keystroke="subtract" />
  </action>
  <action id="EditorIncreaseFontSize">
    <keyboard-shortcut first-keystroke="add" />
  </action>
  <action id="EditorLineEnd">
    <keyboard-shortcut first-keystroke="alt e" />
  </action>
  <action id="EditorLineStart">
    <keyboard-shortcut first-keystroke="alt w" />
  </action>
  <action id="EvaluateExpression">
    <keyboard-shortcut first-keystroke="alt 2" />
  </action>
  <action id="FindNext">
    <keyboard-shortcut first-keystroke="ctrl l" />
  </action>
  <action id="Generate">
    <keyboard-shortcut first-keystroke="alt r" />
  </action>
  <action id="Git.Rename.Local.Branch">
    <keyboard-shortcut first-keystroke="shift f6" />
  </action>
  <action id="Git.Reword.Commit">
    <keyboard-shortcut first-keystroke="shift f6" />
  </action>
  <action id="GotoFile">
    <keyboard-shortcut first-keystroke="shift ctrl d" />
  </action>
  <action id="GotoNextError" />
  <action id="GotoNextIncompletePropertyAction" />
  <action id="GuiDesigner.EditComponent" />
  <action id="GuiDesigner.EditGroup" />
  <action id="HideAllWindows">
    <keyboard-shortcut first-keystroke="shift ctrl f12" />
    <keyboard-shortcut first-keystroke="alt a" />
  </action>
  <action id="NewClass">
    <keyboard-shortcut first-keystroke="alt c" />
  </action>
  <action id="OptimizeImports">
    <keyboard-shortcut first-keystroke="alt z" />
  </action>
  <action id="QuickImplementations" />
  <action id="QuickJavaDoc">
    <keyboard-shortcut first-keystroke="alt q" />
  </action>
  <action id="RecentFiles">
    <keyboard-shortcut first-keystroke="ctrl e" />
    <keyboard-shortcut first-keystroke="shift ctrl s" />
  </action>
  <action id="RefactoringMenuRenameFile">
    <keyboard-shortcut first-keystroke="alt d" />
  </action>
  <action id="ReformatCode">
    <keyboard-shortcut first-keystroke="alt f" />
  </action>
  <action id="RemoteServers.ChooseServerDeploymentWithDebug">
    <keyboard-shortcut first-keystroke="shift alt s" />
  </action>
  <action id="RenameElement">
    <keyboard-shortcut first-keystroke="shift f6" />
    <keyboard-shortcut first-keystroke="alt d" />
  </action>
  <action id="RevealIn">
    <keyboard-shortcut first-keystroke="alt 1" />
  </action>
  <action id="Run">
    <keyboard-shortcut first-keystroke="shift alt a" />
  </action>
  <action id="SelectInProjectView">
    <keyboard-shortcut first-keystroke="alt x" />
  </action>
  <action id="ShelvedChanges.Rename">
    <keyboard-shortcut first-keystroke="shift f6" />
  </action>
  <action id="SplitVertically">
    <keyboard-shortcut first-keystroke="alt s" />
  </action>
  <action id="Stop">
    <keyboard-shortcut first-keystroke="ctrl f2" />
    <keyboard-shortcut first-keystroke="f3" />
  </action>
  <action id="ToggleFullScreen">
    <keyboard-shortcut first-keystroke="alt 3" />
  </action>
  <action id="XDebugger.SetValue" />
</keymap>